{"_step":42,"learning_curve":{"width":1000,"height":600,"_type":"image-file","sha256":"219eccb374b26c74b5398a87cc45f54796ddaae37e16e8134b25fbc1e77d281f","size":18341,"path":"media/images/learning_curve_42_219eccb374b26c74b539.png","format":"png"},"_wandb":{"runtime":19},"episode_reward":1,"episode_length":45742,"total_timesteps":47992,"_timestamp":1.7389135124468944e+09,"_runtime":19.904101725}