{"_timestamp":1.7389134167669263e+09,"_runtime":24.705762233,"_step":34,"_wandb":{"runtime":26},"episode_reward":1,"episode_length":33540.6,"total_timesteps":35788}