{"_runtime":0.506643878,"_step":0,"test_metric":1,"_wandb":{"runtime":0},"_timestamp":1.7389126423943903e+09}