{"_runtime":34.557678028,"_step":34,"episode_reward":1,"episode_length":NaN,"total_timesteps":49885,"_timestamp":1.7389132619681542e+09,"_wandb":{"runtime":35}}